video,caption
video_10000178.mp4,an airliner is taxiing on the tarmac at Dubai Airport
video_5360763.mp4,a pigeon sitting on the street near the house
video_8800.mp4,a black fish swimming in a small glass bowl with multicolored piece of stone
video_10000178.mp4,an airliner is taxiing on the tarmac at Dubai Airport
video_5360763.mp4,a pigeon sitting on the street near the house
video_8800.mp4,a black fish swimming in a green glass bowl with multicolored piece of stone
video_10000178.mp4,an airliner is taxiing on the tarmac at Dubai Airport
video_5360763.mp4,a pigeon sitting on the street near the house
video_8800.mp4,a black fish swimming in a green glass bowl with multicolored piece of stone
video_10000178.mp4,an airliner is taxiing on the tarmac at Dubai Airport
video_5360763.mp4,a pigeon sitting on the street near the house
video_8800.mp4,a black fish swimming in a green glass bowl with multicolored piece of stone
video_10000178.mp4,an airliner is taxiing on the tarmac at Dubai Airport
video_5360763.mp4,a pigeon sitting on the street near the house
video_8800.mp4,a black fish swimming in a green glass bowl with multicolored piece of stone
video_10000178.mp4,an airliner is taxiing on the tarmac at Dubai Airport
video_5360763.mp4,a pigeon sitting on the street near the house
video_8800.mp4,a black fish swimming in a green glass bowl with multicolored piece of stone
video_10000178.mp4,an airliner is taxiing on the tarmac at Dubai Airport
video_5360763.mp4,a pigeon sitting on the street near the house
video_8800.mp4,a black fish swimming in a green glass bowl with multicolored piece of stone
video_10000178.mp4,an airliner is taxiing on the tarmac at Dubai Airport
video_5360763.mp4,a pigeon sitting on the street near the house
video_8800.mp4,a black fish swimming in a green glass bowl with multicolored piece of stone
